#Data,#Data ksiêgowania,#Opis,#Kwota,#Waluta,#Kwota pozosta³a do sp³aty,#Waluta
06-08-2008,06-08-2008,OTWARCIE KREDYTU - KAPITA£,162339.16,CHF,162339.16,CHF
06-08-2008,06-08-2008,OTWARCIE KREDYTU - PROWIZJA,636.14,PLN,0.00,PLN
06-08-2008,06-08-2008,OP£ATA ZWI¥ZANA Z KREDYTEM,4771.07,PLN,0.00,PLN
20-08-2008,20-08-2008,URUCHOMIENIE TRANSZY - KAPITA£,2510.17,CHF,164849.33,CHF
20-08-2008,20-08-2008,ZMNIEJSZNIE KWOTY KREDYTU,82.52,CHF,0.00,CHF
20-08-2008,20-08-2008,ZMIANA OKRESU KARENCJI KAPIT.,0.00,,0.00,
20-08-2008,20-08-2008,ZMIANA OKRESU KARENCJI KAPIT.,0.00,,164849.33,
20-08-2008,20-08-2008,ZMIANA OKRESU KARENCJI KAPIT.,0.00,,0.00,
20-08-2008,20-08-2008,ZMIANA OKRESU KARENCJI KAPIT.,0.00,,0.00,
20-08-2008,20-08-2008,ZMIANA OKRESU KARENCJI KAPIT.,0.00,,0.00,
20-08-2008,20-08-2008,ZMIANA OKRESU KARENCJI KAPIT.,0.00,,0.00,
15-09-2008,15-09-2008,SP£ATA RATY - ODSETKI,858.94,CHF,0.00,CHF
15-10-2008,15-10-2008,ZMIANA WYSOKOŒCI ODSETEK,0.00,,0.00,
15-10-2008,15-10-2008,SP£ATA RATY - ODSETKI,647.65,CHF,0.00,CHF
15-10-2008,15-10-2008,SP£ATA RATY - KAPITA£,216.35,CHF,164632.98,CHF
15-11-2008,17-11-2008,ZMIANA WYSOKOŒCI ODSETEK,0.00,,0.00,
17-11-2008,17-11-2008,SP£ATA RATY - ODSETKI,689.34,CHF,0.00,CHF
17-11-2008,17-11-2008,SP£ATA RATY - KAPITA£,189.56,CHF,164443.42,CHF
15-12-2008,15-12-2008,ZMIANA WYSOKOŒCI ODSETEK,0.00,,0.00,
15-12-2008,15-12-2008,SP£ATA RATY - ODSETKI,644.71,CHF,0.00,CHF
15-12-2008,15-12-2008,SP£ATA RATY - KAPITA£,218.35,CHF,164225.07,CHF
15-01-2009,15-01-2009,ZMIANA WYSOKOŒCI ODSETEK,0.00,,0.00,
15-01-2009,15-01-2009,SP£ATA RATY - ODSETKI,456.10,CHF,0.00,CHF
15-01-2009,15-01-2009,SP£ATA RATY - KAPITA£,265.17,CHF,163959.90,CHF
15-02-2009,16-02-2009,ZMIANA WYSOKOŒCI ODSETEK,0.00,,0.00,
16-02-2009,16-02-2009,SP£ATA RATY - ODSETKI,371.81,CHF,0.00,CHF
16-02-2009,16-02-2009,SP£ATA RATY - KAPITA£,296.71,CHF,163663.19,CHF
16-03-2009,16-03-2009,SP£ATA RATY - ODSETKI,317.64,CHF,0.00,CHF
16-03-2009,16-03-2009,SP£ATA RATY - KAPITA£,338.94,CHF,163324.25,CHF
15-04-2009,15-04-2009,ZMIANA WYSOKOŒCI ODSETEK,0.00,,0.00,
15-04-2009,15-04-2009,SP£ATA RATY - ODSETKI,350.95,CHF,0.00,CHF
15-04-2009,15-04-2009,SP£ATA RATY - KAPITA£,305.63,CHF,163018.62,CHF
15-05-2009,15-05-2009,SP£ATA RATY - ODSETKI,321.57,CHF,0.00,CHF
15-05-2009,15-05-2009,SP£ATA RATY - KAPITA£,323.99,CHF,162694.63,CHF
08-06-2009,08-06-2009,UBEZPIECZENIE KREDYTU,0.00,CHF,0.00,CHF
08-06-2009,08-06-2009,OP£ACENIE SK£ADKI UBEZPIECZ.,25.91,PLN,0.00,PLN
15-06-2009,15-06-2009,SP£ATA RATY - ODSETKI,331.63,CHF,0.00,CHF
15-06-2009,15-06-2009,SP£ATA RATY - KAPITA£,313.93,CHF,162380.70,CHF
15-06-2009,15-06-2009,OP£ACENIE SK£ADKI UBEZPIECZ.,25.91,PLN,0.00,PLN
09-07-2009,09-07-2009,OP£ATA ZWI¥ZANA Z KREDYTEM,50.00,PLN,0.00,PLN
15-07-2009,15-07-2009,SP£ATA RATY - ODSETKI,320.31,CHF,0.00,CHF
15-07-2009,15-07-2009,SP£ATA RATY - KAPITA£,325.25,CHF,162055.45,CHF
15-07-2009,15-07-2009,OP£ACENIE SK£ADKI UBEZPIECZ.,25.91,PLN,0.00,PLN
17-08-2009,17-08-2009,SP£ATA RATY - ODSETKI,330.33,CHF,0.00,CHF
17-08-2009,17-08-2009,SP£ATA RATY - KAPITA£,315.23,CHF,161740.22,CHF
15-08-2009,17-08-2009,OP£ACENIE SK£ADKI UBEZPIECZ.,25.91,PLN,0.00,PLN
15-09-2009,15-09-2009,SP£ATA RATY - ODSETKI,329.68,CHF,0.00,CHF
15-09-2009,15-09-2009,SP£ATA RATY - KAPITA£,315.88,CHF,161424.34,CHF
15-09-2009,15-09-2009,OP£ACENIE SK£ADKI UBEZPIECZ.,25.91,PLN,0.00,PLN
15-10-2009,15-10-2009,ZMIANA WYSOKOŒCI ODSETEK,0.00,,0.00,
15-10-2009,15-10-2009,SP£ATA RATY - ODSETKI,318.43,CHF,0.00,CHF
15-10-2009,15-10-2009,SP£ATA RATY - KAPITA£,327.13,CHF,161097.21,CHF
15-10-2009,15-10-2009,OP£ACENIE SK£ADKI UBEZPIECZ.,25.91,PLN,0.00,PLN
16-11-2009,16-11-2009,SP£ATA RATY - ODSETKI,313.32,CHF,0.00,CHF
16-11-2009,16-11-2009,SP£ATA RATY - KAPITA£,323.22,CHF,160773.99,CHF
15-11-2009,16-11-2009,OP£ACENIE SK£ADKI UBEZPIECZ.,25.91,PLN,0.00,PLN
11-12-2009,11-12-2009,ZMIANA WYSOKOŒCI ODSETEK,262.26,,0.00,
11-12-2009,11-12-2009,MODYFIKACJA ZABEZPIECZENIA,0.00,CHF,0.00,CHF
11-12-2009,11-12-2009,MODYFIKACJA ZABEZPIECZENIA,0.00,CHF,0.00,CHF
11-12-2009,11-12-2009,MODYFIKACJA ZABEZPIECZENIA,0.00,CHF,0.00,CHF
15-12-2009,15-12-2009,SP£ATA RATY - ODSETKI,284.99,CHF,0.00,CHF
15-12-2009,15-12-2009,SP£ATA RATY - KAPITA£,387.55,CHF,160386.44,CHF
15-12-2009,15-12-2009,OP£ACENIE SK£ADKI UBEZPIECZ.,25.91,PLN,0.00,PLN
15-01-2010,15-01-2010,SP£ATA RATY - ODSETKI,175.72,CHF,0.00,CHF
15-01-2010,15-01-2010,SP£ATA RATY - KAPITA£,382.29,CHF,160004.15,CHF
15-01-2010,15-01-2010,OP£ACENIE SK£ADKI UBEZPIECZ.,25.91,PLN,0.00,PLN
15-02-2010,15-02-2010,SP£ATA RATY - ODSETKI,175.30,CHF,0.00,CHF
15-02-2010,15-02-2010,SP£ATA RATY - KAPITA£,382.71,CHF,159621.44,CHF
15-02-2010,15-02-2010,OP£ACENIE SK£ADKI UBEZPIECZ.,25.91,PLN,0.00,PLN
15-03-2010,15-03-2010,SP£ATA RATY - ODSETKI,157.96,CHF,0.00,CHF
15-03-2010,15-03-2010,SP£ATA RATY - KAPITA£,400.05,CHF,159221.39,CHF
15-03-2010,15-03-2010,OP£ACENIE SK£ADKI UBEZPIECZ.,25.91,PLN,0.00,PLN
15-04-2010,15-04-2010,SP£ATA RATY - ODSETKI,174.45,CHF,0.00,CHF
15-04-2010,15-04-2010,SP£ATA RATY - KAPITA£,383.56,CHF,158837.83,CHF
15-04-2010,15-04-2010,OP£ACENIE SK£ADKI UBEZPIECZ.,25.91,PLN,0.00,PLN
17-05-2010,17-05-2010,SP£ATA RATY - ODSETKI,168.41,CHF,0.00,CHF
17-05-2010,17-05-2010,SP£ATA RATY - KAPITA£,389.60,CHF,158448.23,CHF
15-05-2010,17-05-2010,OP£ACENIE SK£ADKI UBEZPIECZ.,25.91,PLN,0.00,PLN
15-06-2010,15-06-2010,ZMIANA WYSOKOŒCI ODSETEK,0.00,,0.00,
15-06-2010,15-06-2010,SP£ATA RATY - ODSETKI,173.60,CHF,0.00,CHF
15-06-2010,15-06-2010,SP£ATA RATY - KAPITA£,384.41,CHF,158063.82,CHF
15-06-2010,15-06-2010,OP£ACENIE SK£ADKI UBEZPIECZ.,25.91,PLN,0.00,PLN
15-07-2010,15-07-2010,SP£ATA RATY - ODSETKI,144.21,CHF,0.00,CHF
15-07-2010,15-07-2010,SP£ATA RATY - KAPITA£,400.56,CHF,157663.26,CHF
15-07-2010,15-07-2010,OP£ACENIE SK£ADKI UBEZPIECZ.,25.91,PLN,0.00,PLN
16-08-2010,16-08-2010,SP£ATA RATY - ODSETKI,148.64,CHF,0.00,CHF
16-08-2010,16-08-2010,SP£ATA RATY - KAPITA£,396.13,CHF,157267.13,CHF
15-08-2010,16-08-2010,OP£ACENIE SK£ADKI UBEZPIECZ.,25.91,PLN,0.00,PLN
30-08-2010,30-08-2010,UBEZPIECZENIE KREDYTU,0.00,CHF,0.00,CHF
15-09-2010,15-09-2010,SP£ATA RATY - ODSETKI,148.26,CHF,0.00,CHF
15-09-2010,15-09-2010,SP£ATA RATY - KAPITA£,396.51,CHF,156870.62,CHF
15-09-2010,15-09-2010,OP£ACENIE SK£ADKI UBEZPIECZ.,25.91,PLN,0.00,PLN
15-09-2010,15-09-2010,OP£ACENIE SK£ADKI UBEZPIECZ.,97.85,PLN,0.00,PLN
15-10-2010,15-10-2010,SP£ATA RATY - ODSETKI,143.12,CHF,0.00,CHF
15-10-2010,15-10-2010,SP£ATA RATY - KAPITA£,401.65,CHF,156468.97,CHF
15-10-2010,15-10-2010,OP£ACENIE SK£ADKI UBEZPIECZ.,94.29,PLN,0.00,PLN
15-10-2010,15-10-2010,OP£ACENIE SK£ADKI UBEZPIECZ.,25.91,PLN,0.00,PLN
15-11-2010,15-11-2010,SP£ATA RATY - ODSETKI,147.51,CHF,0.00,CHF
15-11-2010,15-11-2010,SP£ATA RATY - KAPITA£,397.26,CHF,156071.71,CHF
15-11-2010,15-11-2010,OP£ACENIE SK£ADKI UBEZPIECZ.,25.91,PLN,0.00,PLN
15-11-2010,15-11-2010,OP£ACENIE SK£ADKI UBEZPIECZ.,94.29,PLN,0.00,PLN
15-12-2010,15-12-2010,SP£ATA RATY - ODSETKI,142.39,CHF,0.00,CHF
15-12-2010,15-12-2010,SP£ATA RATY - KAPITA£,402.38,CHF,155669.33,CHF
15-12-2010,15-12-2010,OP£ACENIE SK£ADKI UBEZPIECZ.,25.91,PLN,0.00,PLN
15-12-2010,15-12-2010,OP£ACENIE SK£ADKI UBEZPIECZ.,99.82,PLN,0.00,PLN
17-01-2011,17-01-2011,SP£ATA RATY - ODSETKI,146.76,CHF,0.00,CHF
17-01-2011,17-01-2011,SP£ATA RATY - KAPITA£,398.01,CHF,155271.32,CHF
15-01-2011,17-01-2011,OP£ACENIE SK£ADKI UBEZPIECZ.,25.91,PLN,0.00,PLN
15-01-2011,17-01-2011,OP£ACENIE SK£ADKI UBEZPIECZ.,96.68,PLN,0.00,PLN
15-02-2011,15-02-2011,SP£ATA RATY - ODSETKI,146.38,CHF,0.00,CHF
15-02-2011,15-02-2011,SP£ATA RATY - KAPITA£,398.39,CHF,154872.93,CHF
15-02-2011,15-02-2011,OP£ACENIE SK£ADKI UBEZPIECZ.,95.58,PLN,0.00,PLN
15-02-2011,15-02-2011,OP£ACENIE SK£ADKI UBEZPIECZ.,25.91,PLN,0.00,PLN
15-03-2011,15-03-2011,SP£ATA RATY - ODSETKI,131.88,CHF,0.00,CHF
15-03-2011,15-03-2011,SP£ATA RATY - KAPITA£,412.89,CHF,154460.04,CHF
15-03-2011,15-03-2011,OP£ACENIE SK£ADKI UBEZPIECZ.,25.91,PLN,0.00,PLN
15-03-2011,15-03-2011,OP£ACENIE SK£ADKI UBEZPIECZ.,100.28,PLN,0.00,PLN
15-04-2011,15-04-2011,SP£ATA RATY - ODSETKI,145.62,CHF,0.00,CHF
15-04-2011,15-04-2011,SP£ATA RATY - KAPITA£,399.15,CHF,154060.89,CHF
15-04-2011,15-04-2011,OP£ACENIE SK£ADKI UBEZPIECZ.,25.91,PLN,0.00,PLN
15-04-2011,15-04-2011,OP£ACENIE SK£ADKI UBEZPIECZ.,97.48,PLN,0.00,PLN
16-05-2011,16-05-2011,SP£ATA RATY - ODSETKI,140.55,CHF,0.00,CHF
16-05-2011,16-05-2011,SP£ATA RATY - KAPITA£,404.22,CHF,153656.67,CHF
15-05-2011,16-05-2011,OP£ACENIE SK£ADKI UBEZPIECZ.,25.91,PLN,0.00,PLN
15-05-2011,16-05-2011,OP£ACENIE SK£ADKI UBEZPIECZ.,99.24,PLN,0.00,PLN
15-06-2011,15-06-2011,SP£ATA RATY - ODSETKI,144.86,CHF,0.00,CHF
15-06-2011,15-06-2011,SP£ATA RATY - KAPITA£,399.91,CHF,153256.76,CHF
15-06-2011,15-06-2011,OP£ACENIE SK£ADKI UBEZPIECZ.,25.91,PLN,0.00,PLN
15-06-2011,15-06-2011,OP£ACENIE SK£ADKI UBEZPIECZ.,101.77,PLN,0.00,PLN
15-07-2011,15-07-2011,SP£ATA RATY - ODSETKI,139.82,CHF,0.00,CHF
15-07-2011,15-07-2011,SP£ATA RATY - KAPITA£,404.95,CHF,152851.81,CHF
15-07-2011,15-07-2011,OP£ACENIE SK£ADKI UBEZPIECZ.,25.91,PLN,0.00,PLN
15-07-2011,15-07-2011,OP£ACENIE SK£ADKI UBEZPIECZ.,110.38,PLN,0.00,PLN
16-08-2011,16-08-2011,SP£ATA RATY - ODSETKI,144.10,CHF,0.00,CHF
16-08-2011,16-08-2011,SP£ATA RATY - KAPITA£,400.67,CHF,152451.14,CHF
15-08-2011,16-08-2011,OP£ACENIE SK£ADKI UBEZPIECZ.,25.91,PLN,0.00,PLN
15-08-2011,16-08-2011,OP£ACENIE SK£ADKI UBEZPIECZ.,116.16,PLN,0.00,PLN
15-09-2011,15-09-2011,ZMIANA WYSOKOŒCI ODSETEK,0.00,,0.00,
15-09-2011,15-09-2011,SP£ATA RATY - ODSETKI,143.72,CHF,0.00,CHF
15-09-2011,15-09-2011,SP£ATA RATY - KAPITA£,401.05,CHF,152050.09,CHF
15-09-2011,15-09-2011,OP£ACENIE SK£ADKI UBEZPIECZ.,113.26,PLN,0.00,PLN
15-09-2011,15-09-2011,OP£ACENIE SK£ADKI UBEZPIECZ.,25.91,PLN,0.00,PLN
17-10-2011,17-10-2011,SP£ATA RATY - ODSETKI,126.22,CHF,0.00,CHF
17-10-2011,17-10-2011,SP£ATA RATY - KAPITA£,411.60,CHF,151638.49,CHF
15-10-2011,17-10-2011,OP£ACENIE SK£ADKI UBEZPIECZ.,25.91,PLN,0.00,PLN
15-10-2011,17-10-2011,OP£ACENIE SK£ADKI UBEZPIECZ.,108.65,PLN,0.00,PLN
15-11-2011,15-11-2011,SP£ATA RATY - ODSETKI,130.08,CHF,0.00,CHF
15-11-2011,15-11-2011,SP£ATA RATY - KAPITA£,407.74,CHF,151230.75,CHF
15-11-2011,15-11-2011,OP£ACENIE SK£ADKI UBEZPIECZ.,25.91,PLN,0.00,PLN
15-11-2011,15-11-2011,OP£ACENIE SK£ADKI UBEZPIECZ.,111.15,PLN,0.00,PLN
15-12-2011,15-12-2011,SP£ATA RATY - ODSETKI,125.54,CHF,0.00,CHF
15-12-2011,15-12-2011,SP£ATA RATY - KAPITA£,412.28,CHF,150818.47,CHF
15-12-2011,15-12-2011,OP£ACENIE SK£ADKI UBEZPIECZ.,25.91,PLN,0.00,PLN
15-12-2011,15-12-2011,OP£ACENIE SK£ADKI UBEZPIECZ.,114.58,PLN,0.00,PLN
15-01-2012,16-01-2012,OP£ACENIE SK£ADKI UBEZPIECZ.,112.93,PLN,0.00,PLN
16-01-2012,16-01-2012,SP£ATA RATY - ODSETKI,129.37,CHF,0.00,CHF
16-01-2012,16-01-2012,SP£ATA RATY - KAPITA£,408.45,CHF,150410.02,CHF
15-01-2012,16-01-2012,OP£ACENIE SK£ADKI UBEZPIECZ.,25.91,PLN,0.00,PLN
15-02-2012,15-02-2012,OP£ACENIE SK£ADKI UBEZPIECZ.,25.91,PLN,0.00,PLN
15-02-2012,15-02-2012,OP£ACENIE SK£ADKI UBEZPIECZ.,107.26,PLN,0.00,PLN
15-02-2012,15-02-2012,SP£ATA RATY - ODSETKI,129.02,CHF,0.00,CHF
15-02-2012,15-02-2012,SP£ATA RATY - KAPITA£,408.80,CHF,150001.22,CHF
15-03-2012,15-03-2012,SP£ATA RATY - ODSETKI,120.37,CHF,0.00,CHF
15-03-2012,15-03-2012,SP£ATA RATY - KAPITA£,417.45,CHF,149583.77,CHF
15-03-2012,15-03-2012,OP£ACENIE SK£ADKI UBEZPIECZ.,25.91,PLN,0.00,PLN
15-03-2012,15-03-2012,OP£ACENIE SK£ADKI UBEZPIECZ.,105.70,PLN,0.00,PLN
15-04-2012,16-04-2012,ZMIANA WYSOKOŒCI ODSETEK,0.00,,0.00,
16-04-2012,16-04-2012,SP£ATA RATY - ODSETKI,128.31,CHF,0.00,CHF
16-04-2012,16-04-2012,SP£ATA RATY - KAPITA£,409.51,CHF,149174.26,CHF
15-04-2012,16-04-2012,OP£ACENIE SK£ADKI UBEZPIECZ.,25.91,PLN,0.00,PLN
15-04-2012,16-04-2012,OP£ACENIE SK£ADKI UBEZPIECZ.,107.38,PLN,0.00,PLN
15-05-2012,15-05-2012,SP£ATA RATY - ODSETKI,136.10,CHF,0.00,CHF
15-05-2012,15-05-2012,SP£ATA RATY - KAPITA£,408.54,CHF,148765.72,CHF
15-05-2012,15-05-2012,OP£ACENIE SK£ADKI UBEZPIECZ.,25.91,PLN,0.00,PLN
15-05-2012,15-05-2012,OP£ACENIE SK£ADKI UBEZPIECZ.,110.25,PLN,0.00,PLN
15-06-2012,15-06-2012,SP£ATA RATY - ODSETKI,140.25,CHF,0.00,CHF
15-06-2012,15-06-2012,SP£ATA RATY - KAPITA£,404.39,CHF,148361.33,CHF
15-06-2012,15-06-2012,OP£ACENIE SK£ADKI UBEZPIECZ.,25.91,PLN,0.00,PLN
15-06-2012,15-06-2012,OP£ACENIE SK£ADKI UBEZPIECZ.,109.34,PLN,0.00,PLN
16-07-2012,16-07-2012,SP£ATA RATY - ODSETKI,135.35,CHF,0.00,CHF
16-07-2012,16-07-2012,SP£ATA RATY - KAPITA£,409.29,CHF,147952.04,CHF
15-07-2012,16-07-2012,OP£ACENIE SK£ADKI UBEZPIECZ.,106.78,PLN,0.00,PLN
15-07-2012,16-07-2012,OP£ACENIE SK£ADKI UBEZPIECZ.,25.91,PLN,0.00,PLN
31-07-2012,31-07-2012,MODYFIKACJA ZABEZPIECZENIA,0.00,CHF,0.00,CHF
16-08-2012,16-08-2012,SP£ATA RATY - ODSETKI,139.48,CHF,0.00,CHF
16-08-2012,16-08-2012,SP£ATA RATY - KAPITA£,405.16,CHF,147546.88,CHF
15-08-2012,16-08-2012,OP£ACENIE SK£ADKI UBEZPIECZ.,25.91,PLN,0.00,PLN
15-08-2012,16-08-2012,OP£ACENIE SK£ADKI UBEZPIECZ.,103.63,PLN,0.00,PLN
17-09-2012,17-09-2012,SP£ATA RATY - ODSETKI,139.10,CHF,0.00,CHF
17-09-2012,17-09-2012,SP£ATA RATY - KAPITA£,405.54,CHF,147141.34,CHF
15-09-2012,17-09-2012,OP£ACENIE SK£ADKI UBEZPIECZ.,25.91,PLN,0.00,PLN
15-09-2012,17-09-2012,OP£ACENIE SK£ADKI UBEZPIECZ.,102.21,PLN,0.00,PLN
15-10-2012,15-10-2012,SP£ATA RATY - ODSETKI,134.24,CHF,0.00,CHF
15-10-2012,15-10-2012,SP£ATA RATY - KAPITA£,410.40,CHF,146730.94,CHF
15-10-2012,15-10-2012,OP£ACENIE SK£ADKI UBEZPIECZ.,25.91,PLN,0.00,PLN
15-10-2012,15-10-2012,OP£ACENIE SK£ADKI UBEZPIECZ.,102.81,PLN,0.00,PLN
15-11-2012,15-11-2012,SP£ATA RATY - ODSETKI,138.33,CHF,0.00,CHF
15-11-2012,15-11-2012,SP£ATA RATY - KAPITA£,406.31,CHF,146324.63,CHF
15-11-2012,15-11-2012,OP£ACENIE SK£ADKI UBEZPIECZ.,25.91,PLN,0.00,PLN
15-11-2012,15-11-2012,OP£ACENIE SK£ADKI UBEZPIECZ.,104.80,PLN,0.00,PLN
17-12-2012,17-12-2012,SP£ATA RATY - ODSETKI,133.50,CHF,0.00,CHF
17-12-2012,17-12-2012,SP£ATA RATY - KAPITA£,411.14,CHF,145913.49,CHF
15-12-2012,17-12-2012,OP£ACENIE SK£ADKI UBEZPIECZ.,26.35,PLN,0.00,PLN
15-12-2012,17-12-2012,OP£ACENIE SK£ADKI UBEZPIECZ.,101.89,PLN,0.00,PLN
15-01-2013,15-01-2013,ZMIANA WYSOKOŒCI ODSETEK,0.00,,0.00,
15-01-2013,15-01-2013,SP£ATA RATY - ODSETKI,137.56,CHF,0.00,CHF
15-01-2013,15-01-2013,SP£ATA RATY - KAPITA£,407.08,CHF,145506.41,CHF
15-01-2013,15-01-2013,OP£ACENIE SK£ADKI UBEZPIECZ.,26.35,PLN,0.00,PLN
15-01-2013,15-01-2013,OP£ACENIE SK£ADKI UBEZPIECZ.,100.27,PLN,0.00,PLN
15-02-2013,15-02-2013,SP£ATA RATY - ODSETKI,124.82,CHF,0.00,CHF
15-02-2013,15-02-2013,SP£ATA RATY - KAPITA£,413.21,CHF,145093.20,CHF
15-02-2013,15-02-2013,OP£ACENIE SK£ADKI UBEZPIECZ.,26.35,PLN,0.00,PLN
15-02-2013,15-02-2013,OP£ACENIE SK£ADKI UBEZPIECZ.,101.71,PLN,0.00,PLN
15-03-2013,15-03-2013,SP£ATA RATY - ODSETKI,1.09,CHF,0.00,CHF
15-03-2013,15-03-2013,OP£ACENIE SK£ADKI UBEZPIECZ.,26.35,PLN,0.00,PLN
15-03-2013,15-03-2013,OP£ACENIE SK£ADKI UBEZPIECZ.,100.65,PLN,0.00,PLN
18-03-2013,18-03-2013,SP£ATA RATY - ODSETKI,111.33,CHF,0.00,CHF
18-03-2013,18-03-2013,SP£ATA RATY - KAPITA£,425.61,CHF,144667.59,CHF
15-04-2013,15-04-2013,SP£ATA RATY - ODSETKI,124.10,CHF,0.00,CHF
15-04-2013,15-04-2013,SP£ATA RATY - KAPITA£,413.93,CHF,144253.66,CHF
15-04-2013,15-04-2013,OP£ACENIE SK£ADKI UBEZPIECZ.,26.35,PLN,0.00,PLN
15-04-2013,15-04-2013,OP£ACENIE SK£ADKI UBEZPIECZ.,100.73,PLN,0.00,PLN
15-05-2013,15-05-2013,SP£ATA RATY - ODSETKI,119.75,CHF,0.00,CHF
15-05-2013,15-05-2013,SP£ATA RATY - KAPITA£,418.28,CHF,143835.38,CHF
15-05-2013,15-05-2013,OP£ACENIE SK£ADKI UBEZPIECZ.,26.35,PLN,0.00,PLN
15-05-2013,15-05-2013,OP£ACENIE SK£ADKI UBEZPIECZ.,99.23,PLN,0.00,PLN
15-06-2013,17-06-2013,INDEKSACJA SUMY UBEZPIECZENIA,0.00,,0.00,
17-06-2013,17-06-2013,SP£ATA RATY - ODSETKI,123.38,CHF,0.00,CHF
17-06-2013,17-06-2013,SP£ATA RATY - KAPITA£,414.65,CHF,143420.73,CHF
15-06-2013,17-06-2013,OP£ACENIE SK£ADKI UBEZPIECZ.,26.35,PLN,0.00,PLN
15-06-2013,17-06-2013,OP£ACENIE SK£ADKI UBEZPIECZ.,102.04,PLN,0.00,PLN
15-07-2013,15-07-2013,SP£ATA RATY - ODSETKI,119.06,CHF,0.00,CHF
15-07-2013,15-07-2013,SP£ATA RATY - KAPITA£,205.55,CHF,143215.18,CHF
15-07-2013,15-07-2013,OP£ACENIE SK£ADKI UBEZPIECZ.,102.65,PLN,0.00,PLN
15-07-2013,15-07-2013,OP£ACENIE SK£ADKI UBEZPIECZ.,26.35,PLN,0.00,PLN
18-07-2013,18-07-2013,SP£ATA RATY - KAPITA£,103.77,CHF,143111.41,CHF
19-07-2013,19-07-2013,SP£ATA RATY - KAPITA£,83.82,CHF,143027.59,CHF
19-07-2013,19-07-2013,SP£ATA RATY - ODSETKI KARNE,0.03,CHF,0.00,CHF
22-07-2013,22-07-2013,SP£ATA RATY - KAPITA£,25.83,CHF,143001.76,CHF
22-07-2013,22-07-2013,SP£ATA RATY - ODSETKI KARNE,0.02,CHF,0.00,CHF
16-08-2013,16-08-2013,SP£ATA RATY - ODSETKI,122.67,CHF,0.00,CHF
16-08-2013,16-08-2013,SP£ATA RATY - KAPITA£,415.36,CHF,142586.40,CHF
15-08-2013,16-08-2013,OP£ACENIE SK£ADKI UBEZPIECZ.,26.35,PLN,0.00,PLN
15-08-2013,16-08-2013,OP£ACENIE SK£ADKI UBEZPIECZ.,100.65,PLN,0.00,PLN
16-09-2013,16-09-2013,SP£ATA RATY - ODSETKI,122.31,CHF,0.00,CHF
16-09-2013,16-09-2013,SP£ATA RATY - KAPITA£,415.72,CHF,142170.68,CHF
15-09-2013,16-09-2013,OP£ACENIE SK£ADKI UBEZPIECZ.,99.97,PLN,0.00,PLN
15-09-2013,16-09-2013,OP£ACENIE SK£ADKI UBEZPIECZ.,26.35,PLN,0.00,PLN
15-10-2013,15-10-2013,SP£ATA RATY - ODSETKI,118.02,CHF,0.00,CHF
15-10-2013,15-10-2013,SP£ATA RATY - KAPITA£,420.01,CHF,141750.67,CHF
15-10-2013,15-10-2013,OP£ACENIE SK£ADKI UBEZPIECZ.,26.35,PLN,0.00,PLN
15-10-2013,15-10-2013,OP£ACENIE SK£ADKI UBEZPIECZ.,99.29,PLN,0.00,PLN
15-11-2013,15-11-2013,SP£ATA RATY - ODSETKI,121.59,CHF,0.00,CHF
15-11-2013,15-11-2013,SP£ATA RATY - KAPITA£,137.10,CHF,141613.57,CHF
15-11-2013,15-11-2013,OP£ACENIE SK£ADKI UBEZPIECZ.,26.35,PLN,0.00,PLN
15-11-2013,15-11-2013,OP£ACENIE SK£ADKI UBEZPIECZ.,99.02,PLN,0.00,PLN
25-11-2013,25-11-2013,SP£ATA RATY - KAPITA£,279.34,CHF,141334.23,CHF
25-11-2013,25-11-2013,SP£ATA RATY - ODSETKI KARNE,0.84,CHF,0.00,CHF
16-12-2013,16-12-2013,SP£ATA RATY - ODSETKI,117.33,CHF,0.00,CHF
16-12-2013,16-12-2013,SP£ATA RATY - KAPITA£,420.70,CHF,140913.53,CHF
15-12-2013,16-12-2013,OP£ACENIE SK£ADKI UBEZPIECZ.,26.35,PLN,0.00,PLN
15-12-2013,16-12-2013,OP£ACENIE SK£ADKI UBEZPIECZ.,99.60,PLN,0.00,PLN
15-01-2014,15-01-2014,SP£ATA RATY - ODSETKI,120.88,CHF,0.00,CHF
15-01-2014,15-01-2014,SP£ATA RATY - KAPITA£,417.15,CHF,140496.38,CHF
15-01-2014,15-01-2014,OP£ACENIE SK£ADKI UBEZPIECZ.,97.41,PLN,0.00,PLN
15-01-2014,15-01-2014,OP£ACENIE SK£ADKI UBEZPIECZ.,26.35,PLN,0.00,PLN
17-02-2014,17-02-2014,SP£ATA RATY - ODSETKI,120.52,CHF,0.00,CHF
17-02-2014,17-02-2014,SP£ATA RATY - KAPITA£,417.51,CHF,140078.87,CHF
15-02-2014,17-02-2014,OP£ACENIE SK£ADKI UBEZPIECZ.,26.35,PLN,0.00,PLN
15-02-2014,17-02-2014,OP£ACENIE SK£ADKI UBEZPIECZ.,98.24,PLN,0.00,PLN
17-03-2014,17-03-2014,SP£ATA RATY - ODSETKI,108.53,CHF,0.00,CHF
17-03-2014,17-03-2014,SP£ATA RATY - KAPITA£,429.50,CHF,139649.37,CHF
15-03-2014,17-03-2014,OP£ACENIE SK£ADKI UBEZPIECZ.,26.35,PLN,0.00,PLN
15-03-2014,17-03-2014,OP£ACENIE SK£ADKI UBEZPIECZ.,100.38,PLN,0.00,PLN
15-04-2014,15-04-2014,SP£ATA RATY - ODSETKI,119.79,CHF,0.00,CHF
15-04-2014,15-04-2014,SP£ATA RATY - KAPITA£,418.24,CHF,139231.13,CHF
15-04-2014,15-04-2014,OP£ACENIE SK£ADKI UBEZPIECZ.,26.35,PLN,0.00,PLN
15-04-2014,15-04-2014,OP£ACENIE SK£ADKI UBEZPIECZ.,98.87,PLN,0.00,PLN
15-05-2014,15-05-2014,SP£ATA RATY - ODSETKI,115.58,CHF,0.00,CHF
15-05-2014,15-05-2014,SP£ATA RATY - KAPITA£,422.45,CHF,138808.68,CHF
15-05-2014,15-05-2014,OP£ACENIE SK£ADKI UBEZPIECZ.,26.35,PLN,0.00,PLN
15-05-2014,15-05-2014,OP£ACENIE SK£ADKI UBEZPIECZ.,98.51,PLN,0.00,PLN
15-06-2014,16-06-2014,INDEKSACJA SUMY UBEZPIECZENIA,0.00,,0.00,
16-06-2014,16-06-2014,SP£ATA RATY - ODSETKI,119.07,CHF,0.00,CHF
16-06-2014,16-06-2014,SP£ATA RATY - KAPITA£,418.96,CHF,138389.72,CHF
15-06-2014,16-06-2014,OP£ACENIE SK£ADKI UBEZPIECZ.,26.35,PLN,0.00,PLN
15-06-2014,16-06-2014,OP£ACENIE SK£ADKI UBEZPIECZ.,97.07,PLN,0.00,PLN
15-07-2014,15-07-2014,SP£ATA RATY - ODSETKI,0.18,CHF,0.00,CHF
15-07-2014,15-07-2014,OP£ACENIE SK£ADKI UBEZPIECZ.,26.35,PLN,0.00,PLN
15-07-2014,15-07-2014,OP£ACENIE SK£ADKI UBEZPIECZ.,97.15,PLN,0.00,PLN
16-07-2014,16-07-2014,SP£ATA RATY - ODSETKI,114.70,CHF,0.00,CHF
16-07-2014,16-07-2014,SP£ATA RATY - KAPITA£,423.15,CHF,137966.57,CHF
18-08-2014,18-08-2014,SP£ATA RATY - ODSETKI,118.35,CHF,0.00,CHF
18-08-2014,18-08-2014,SP£ATA RATY - KAPITA£,419.68,CHF,137546.89,CHF
15-08-2014,18-08-2014,OP£ACENIE SK£ADKI UBEZPIECZ.,26.35,PLN,0.00,PLN
15-08-2014,18-08-2014,OP£ACENIE SK£ADKI UBEZPIECZ.,98.56,PLN,0.00,PLN
15-09-2014,15-09-2014,SP£ATA RATY - ODSETKI,117.99,CHF,0.00,CHF
15-09-2014,15-09-2014,SP£ATA RATY - KAPITA£,420.04,CHF,137126.85,CHF
15-09-2014,15-09-2014,OP£ACENIE SK£ADKI UBEZPIECZ.,26.35,PLN,0.00,PLN
15-09-2014,15-09-2014,OP£ACENIE SK£ADKI UBEZPIECZ.,98.32,PLN,0.00,PLN
15-10-2014,15-10-2014,SP£ATA RATY - ODSETKI,113.83,CHF,0.00,CHF
15-10-2014,15-10-2014,SP£ATA RATY - KAPITA£,424.20,CHF,136702.65,CHF
15-10-2014,15-10-2014,OP£ACENIE SK£ADKI UBEZPIECZ.,26.35,PLN,0.00,PLN
15-10-2014,15-10-2014,OP£ACENIE SK£ADKI UBEZPIECZ.,98.26,PLN,0.00,PLN
17-11-2014,17-11-2014,SP£ATA RATY - ODSETKI,117.26,CHF,0.00,CHF
17-11-2014,17-11-2014,SP£ATA RATY - KAPITA£,420.77,CHF,136281.88,CHF
15-11-2014,17-11-2014,OP£ACENIE SK£ADKI UBEZPIECZ.,26.35,PLN,0.00,PLN
15-11-2014,17-11-2014,OP£ACENIE SK£ADKI UBEZPIECZ.,99.12,PLN,0.00,PLN
15-12-2014,15-12-2014,SP£ATA RATY - ODSETKI,113.13,CHF,0.00,CHF
15-12-2014,15-12-2014,SP£ATA RATY - KAPITA£,424.90,CHF,135856.98,CHF
15-12-2014,15-12-2014,OP£ACENIE SK£ADKI UBEZPIECZ.,26.35,PLN,0.00,PLN
15-12-2014,15-12-2014,OP£ACENIE SK£ADKI UBEZPIECZ.,97.82,PLN,0.00,PLN
15-01-2015,15-01-2015,SP£ATA RATY - ODSETKI,116.54,CHF,0.00,CHF
15-01-2015,15-01-2015,SP£ATA RATY - KAPITA£,421.49,CHF,135435.49,CHF
15-01-2015,15-01-2015,OP£ACENIE SK£ADKI UBEZPIECZ.,26.35,PLN,0.00,PLN
15-01-2015,15-01-2015,OP£ACENIE SK£ADKI UBEZPIECZ.,117.21,PLN,0.00,PLN
15-02-2015,16-02-2015,ZMIANA WYSOKOŒCI ODSETEK,0.00,,0.00,
16-02-2015,16-02-2015,SP£ATA RATY - ODSETKI,116.18,CHF,0.00,CHF
16-02-2015,16-02-2015,SP£ATA RATY - KAPITA£,421.85,CHF,135013.64,CHF
15-02-2015,16-02-2015,OP£ACENIE SK£ADKI UBEZPIECZ.,26.35,PLN,0.00,PLN
15-02-2015,16-02-2015,OP£ACENIE SK£ADKI UBEZPIECZ.,108.36,PLN,0.00,PLN
16-03-2015,16-03-2015,SP£ATA RATY - ODSETKI,14.50,CHF,0.00,CHF
16-03-2015,16-03-2015,SP£ATA RATY - KAPITA£,472.22,CHF,134541.42,CHF
15-03-2015,16-03-2015,OP£ACENIE SK£ADKI UBEZPIECZ.,26.35,PLN,0.00,PLN
15-03-2015,16-03-2015,OP£ACENIE SK£ADKI UBEZPIECZ.,107.42,PLN,0.00,PLN
15-04-2015,15-04-2015,SP£ATA RATY - ODSETKI,16.00,CHF,0.00,CHF
15-04-2015,15-04-2015,SP£ATA RATY - KAPITA£,470.72,CHF,134070.70,CHF
15-04-2015,15-04-2015,OP£ACENIE SK£ADKI UBEZPIECZ.,26.35,PLN,0.00,PLN
15-04-2015,15-04-2015,OP£ACENIE SK£ADKI UBEZPIECZ.,105.82,PLN,0.00,PLN
15-05-2015,15-05-2015,SP£ATA RATY - ODSETKI,15.43,CHF,0.00,CHF
15-05-2015,15-05-2015,SP£ATA RATY - KAPITA£,471.29,CHF,133599.41,CHF
15-05-2015,15-05-2015,OP£ACENIE SK£ADKI UBEZPIECZ.,26.35,PLN,0.00,PLN
15-05-2015,15-05-2015,OP£ACENIE SK£ADKI UBEZPIECZ.,106.40,PLN,0.00,PLN
15-06-2015,15-06-2015,INDEKSACJA SUMY UBEZPIECZENIA,0.00,,0.00,
15-06-2015,15-06-2015,SP£ATA RATY - ODSETKI,15.89,CHF,0.00,CHF
15-06-2015,15-06-2015,SP£ATA RATY - KAPITA£,470.83,CHF,133128.58,CHF
15-06-2015,15-06-2015,OP£ACENIE SK£ADKI UBEZPIECZ.,26.35,PLN,0.00,PLN
15-06-2015,15-06-2015,OP£ACENIE SK£ADKI UBEZPIECZ.,107.62,PLN,0.00,PLN
15-07-2015,15-07-2015,SP£ATA RATY - ODSETKI,15.32,CHF,0.00,CHF
15-07-2015,15-07-2015,SP£ATA RATY - KAPITA£,471.40,CHF,132657.18,CHF
15-07-2015,15-07-2015,OP£ACENIE SK£ADKI UBEZPIECZ.,26.35,PLN,0.00,PLN
15-07-2015,15-07-2015,OP£ACENIE SK£ADKI UBEZPIECZ.,107.43,PLN,0.00,PLN
15-08-2015,17-08-2015,ZMIANA WYSOKOŒCI ODSETEK,0.00,,0.00,
17-08-2015,17-08-2015,SP£ATA RATY - ODSETKI,15.77,CHF,0.00,CHF
17-08-2015,17-08-2015,SP£ATA RATY - KAPITA£,470.95,CHF,132186.23,CHF
15-08-2015,17-08-2015,OP£ACENIE SK£ADKI UBEZPIECZ.,26.35,PLN,0.00,PLN
15-08-2015,17-08-2015,OP£ACENIE SK£ADKI UBEZPIECZ.,103.91,PLN,0.00,PLN
15-09-2015,15-09-2015,SP£ATA RATY - ODSETKI,29.19,CHF,0.00,CHF
15-09-2015,15-09-2015,SP£ATA RATY - KAPITA£,464.26,CHF,131721.97,CHF
15-09-2015,15-09-2015,OP£ACENIE SK£ADKI UBEZPIECZ.,26.35,PLN,0.00,PLN
15-09-2015,15-09-2015,OP£ACENIE SK£ADKI UBEZPIECZ.,103.10,PLN,0.00,PLN
15-10-2015,15-10-2015,SP£ATA RATY - ODSETKI,28.15,CHF,0.00,CHF
15-10-2015,15-10-2015,SP£ATA RATY - KAPITA£,465.30,CHF,131256.67,CHF
15-10-2015,15-10-2015,OP£ACENIE SK£ADKI UBEZPIECZ.,26.35,PLN,0.00,PLN
15-10-2015,15-10-2015,OP£ACENIE SK£ADKI UBEZPIECZ.,103.74,PLN,0.00,PLN
16-11-2015,16-11-2015,SP£ATA RATY - ODSETKI,28.98,CHF,0.00,CHF
16-11-2015,16-11-2015,SP£ATA RATY - KAPITA£,464.47,CHF,130792.20,CHF
15-11-2015,16-11-2015,OP£ACENIE SK£ADKI UBEZPIECZ.,26.35,PLN,0.00,PLN
15-11-2015,16-11-2015,OP£ACENIE SK£ADKI UBEZPIECZ.,104.69,PLN,0.00,PLN
15-12-2015,15-12-2015,SP£ATA RATY - ODSETKI,27.95,CHF,0.00,CHF
15-12-2015,15-12-2015,SP£ATA RATY - KAPITA£,465.50,CHF,130326.70,CHF
15-12-2015,15-12-2015,OP£ACENIE SK£ADKI UBEZPIECZ.,26.35,PLN,0.00,PLN
15-12-2015,15-12-2015,OP£ACENIE SK£ADKI UBEZPIECZ.,106.92,PLN,0.00,PLN
17-12-2015,17-12-2015,MODYFIKACJA ZABEZPIECZENIA,0.00,CHF,0.00,CHF
15-01-2016,15-01-2016,SP£ATA RATY - ODSETKI,28.78,CHF,0.00,CHF
15-01-2016,15-01-2016,SP£ATA RATY - KAPITA£,464.67,CHF,129862.03,CHF
15-01-2016,15-01-2016,OP£ACENIE SK£ADKI UBEZPIECZ.,26.35,PLN,0.00,PLN
15-01-2016,15-01-2016,OP£ACENIE SK£ADKI UBEZPIECZ.,106.79,PLN,0.00,PLN
15-02-2016,15-02-2016,SP£ATA RATY - ODSETKI,28.68,CHF,0.00,CHF
15-02-2016,15-02-2016,SP£ATA RATY - KAPITA£,464.77,CHF,129397.26,CHF
15-02-2016,15-02-2016,OP£ACENIE SK£ADKI UBEZPIECZ.,26.35,PLN,0.00,PLN
15-02-2016,15-02-2016,OP£ACENIE SK£ADKI UBEZPIECZ.,105.37,PLN,0.00,PLN
15-03-2016,15-03-2016,SP£ATA RATY - ODSETKI,26.73,CHF,0.00,CHF
15-03-2016,15-03-2016,SP£ATA RATY - KAPITA£,466.72,CHF,128930.54,CHF
15-03-2016,15-03-2016,OP£ACENIE SK£ADKI UBEZPIECZ.,26.35,PLN,0.00,PLN
15-03-2016,15-03-2016,OP£ACENIE SK£ADKI UBEZPIECZ.,102.49,PLN,0.00,PLN
15-04-2016,15-04-2016,SP£ATA RATY - ODSETKI,28.47,CHF,0.00,CHF
15-04-2016,15-04-2016,SP£ATA RATY - KAPITA£,95.02,CHF,128835.52,CHF
15-04-2016,15-04-2016,OP£ACENIE SK£ADKI UBEZPIECZ.,26.35,PLN,0.00,PLN
15-04-2016,15-04-2016,OP£ACENIE SK£ADKI UBEZPIECZ.,103.36,PLN,0.00,PLN
28-04-2016,28-04-2016,SP£ATA RATY - KAPITA£,369.96,CHF,128465.56,CHF
28-04-2016,28-04-2016,SP£ATA RATY - ODSETKI KARNE,0.36,CHF,0.00,CHF
16-05-2016,16-05-2016,SP£ATA RATY - ODSETKI,27.45,CHF,0.00,CHF
16-05-2016,16-05-2016,SP£ATA RATY - KAPITA£,466.00,CHF,127999.56,CHF
15-05-2016,16-05-2016,OP£ACENIE SK£ADKI UBEZPIECZ.,26.35,PLN,0.00,PLN
15-05-2016,16-05-2016,OP£ACENIE SK£ADKI UBEZPIECZ.,103.46,PLN,0.00,PLN
15-06-2016,15-06-2016,INDEKSACJA SUMY UBEZPIECZENIA,0.00,,0.00,
15-06-2016,15-06-2016,SP£ATA RATY - ODSETKI,28.27,CHF,0.00,CHF
15-06-2016,15-06-2016,SP£ATA RATY - KAPITA£,465.18,CHF,127534.38,CHF
15-06-2016,15-06-2016,OP£ACENIE SK£ADKI UBEZPIECZ.,26.35,PLN,0.00,PLN
15-06-2016,15-06-2016,OP£ACENIE SK£ADKI UBEZPIECZ.,106.46,PLN,0.00,PLN
15-07-2016,15-07-2016,SP£ATA RATY - ODSETKI,27.25,CHF,0.00,CHF
15-07-2016,15-07-2016,SP£ATA RATY - KAPITA£,466.20,CHF,127068.18,CHF
15-07-2016,15-07-2016,OP£ACENIE SK£ADKI UBEZPIECZ.,26.35,PLN,0.00,PLN
15-07-2016,15-07-2016,OP£ACENIE SK£ADKI UBEZPIECZ.,104.68,PLN,0.00,PLN
16-08-2016,16-08-2016,SP£ATA RATY - ODSETKI,28.06,CHF,0.00,CHF
16-08-2016,16-08-2016,SP£ATA RATY - KAPITA£,465.39,CHF,126602.79,CHF
15-08-2016,16-08-2016,OP£ACENIE SK£ADKI UBEZPIECZ.,26.35,PLN,0.00,PLN
15-08-2016,16-08-2016,OP£ACENIE SK£ADKI UBEZPIECZ.,101.17,PLN,0.00,PLN
15-09-2016,15-09-2016,SP£ATA RATY - ODSETKI,27.96,CHF,0.00,CHF
15-09-2016,15-09-2016,SP£ATA RATY - KAPITA£,465.49,CHF,126137.30,CHF
15-09-2016,15-09-2016,OP£ACENIE SK£ADKI UBEZPIECZ.,26.35,PLN,0.00,PLN
15-09-2016,15-09-2016,OP£ACENIE SK£ADKI UBEZPIECZ.,101.80,PLN,0.00,PLN
17-10-2016,17-10-2016,SP£ATA RATY - ODSETKI,26.96,CHF,0.00,CHF
17-10-2016,17-10-2016,SP£ATA RATY - KAPITA£,466.49,CHF,125670.81,CHF
15-10-2016,17-10-2016,OP£ACENIE SK£ADKI UBEZPIECZ.,26.35,PLN,0.00,PLN
15-10-2016,17-10-2016,OP£ACENIE SK£ADKI UBEZPIECZ.,101.59,PLN,0.00,PLN
15-11-2016,15-11-2016,SP£ATA RATY - ODSETKI,27.75,CHF,0.00,CHF
15-11-2016,15-11-2016,SP£ATA RATY - KAPITA£,48.83,CHF,125621.98,CHF
15-11-2016,15-11-2016,OP£ACENIE SK£ADKI UBEZPIECZ.,26.35,PLN,0.00,PLN
15-11-2016,15-11-2016,OP£ACENIE SK£ADKI UBEZPIECZ.,104.80,PLN,0.00,PLN
21-11-2016,21-11-2016,SP£ATA RATY - KAPITA£,416.87,CHF,125205.11,CHF
21-11-2016,21-11-2016,SP£ATA RATY - ODSETKI KARNE,0.19,CHF,0.00,CHF
15-12-2016,15-12-2016,SP£ATA RATY - ODSETKI,26.76,CHF,0.00,CHF
15-12-2016,15-12-2016,SP£ATA RATY - KAPITA£,216.28,CHF,124988.83,CHF
15-12-2016,15-12-2016,OP£ACENIE SK£ADKI UBEZPIECZ.,26.35,PLN,0.00,PLN
15-12-2016,15-12-2016,OP£ACENIE SK£ADKI UBEZPIECZ.,105.09,PLN,0.00,PLN
16-12-2016,16-12-2016,SP£ATA RATY - KAPITA£,250.41,CHF,124738.42,CHF
16-01-2017,16-01-2017,SP£ATA RATY - ODSETKI,27.54,CHF,0.00,CHF
16-01-2017,16-01-2017,SP£ATA RATY - KAPITA£,5.97,CHF,124732.45,CHF
15-01-2017,16-01-2017,OP£ACENIE SK£ADKI UBEZPIECZ.,26.35,PLN,0.00,PLN
15-01-2017,16-01-2017,OP£ACENIE SK£ADKI UBEZPIECZ.,103.44,PLN,0.00,PLN
26-01-2017,26-01-2017,SP£ATA RATY - KAPITA£,211.26,CHF,124521.19,CHF
26-01-2017,26-01-2017,SP£ATA RATY - ODSETKI KARNE,0.35,CHF,0.00,CHF
27-01-2017,27-01-2017,SP£ATA RATY - KAPITA£,248.68,CHF,124272.51,CHF
27-01-2017,27-01-2017,SP£ATA RATY - ODSETKI KARNE,0.02,CHF,0.00,CHF
15-02-2017,15-02-2017,SP£ATA RATY - ODSETKI,27.44,CHF,0.00,CHF
15-02-2017,15-02-2017,SP£ATA RATY - KAPITA£,166.72,CHF,124105.79,CHF
15-02-2017,15-02-2017,OP£ACENIE SK£ADKI UBEZPIECZ.,26.35,PLN,0.00,PLN
15-02-2017,15-02-2017,OP£ACENIE SK£ADKI UBEZPIECZ.,101.96,PLN,0.00,PLN
16-02-2017,16-02-2017,SP£ATA RATY - KAPITA£,299.29,CHF,123806.50,CHF
15-03-2017,15-03-2017,SP£ATA RATY - ODSETKI,24.69,CHF,0.00,CHF
15-03-2017,15-03-2017,SP£ATA RATY - KAPITA£,468.76,CHF,123337.74,CHF
15-03-2017,15-03-2017,OP£ACENIE SK£ADKI UBEZPIECZ.,26.35,PLN,0.00,PLN
15-03-2017,15-03-2017,OP£ACENIE SK£ADKI UBEZPIECZ.,101.31,PLN,0.00,PLN
18-04-2017,18-04-2017,SP£ATA RATY - ODSETKI,27.24,CHF,0.00,CHF
18-04-2017,18-04-2017,SP£ATA RATY - KAPITA£,466.21,CHF,122871.53,CHF
15-04-2017,18-04-2017,OP£ACENIE SK£ADKI UBEZPIECZ.,26.35,PLN,0.00,PLN
15-04-2017,18-04-2017,OP£ACENIE SK£ADKI UBEZPIECZ.,99.41,PLN,0.00,PLN
15-05-2017,15-05-2017,SP£ATA RATY - ODSETKI,26.26,CHF,0.00,CHF
15-05-2017,15-05-2017,SP£ATA RATY - KAPITA£,203.84,CHF,122667.69,CHF
15-05-2017,15-05-2017,OP£ACENIE SK£ADKI UBEZPIECZ.,26.35,PLN,0.00,PLN
15-05-2017,15-05-2017,OP£ACENIE SK£ADKI UBEZPIECZ.,96.03,PLN,0.00,PLN
18-05-2017,18-05-2017,SP£ATA RATY - KAPITA£,261.95,CHF,122405.74,CHF
23-05-2017,23-05-2017,SP£ATA RATY - KAPITA£,1.40,CHF,122404.34,CHF
15-06-2017,16-06-2017,INDEKSACJA SUMY UBEZPIECZENIA,0.00,,0.00,
15-06-2017,16-06-2017,OP£ACENIE SK£ADKI UBEZPIECZ.,26.35,PLN,0.00,PLN
15-06-2017,16-06-2017,OP£ACENIE SK£ADKI UBEZPIECZ.,96.75,PLN,0.00,PLN
12-07-2017,12-07-2017,SP£ATA RATY - ODSETKI,27.03,CHF,0.00,CHF
12-07-2017,12-07-2017,SP£ATA RATY - KAPITA£,466.42,CHF,121937.92,CHF
12-07-2017,12-07-2017,SP£ATA RATY - ODSETKI KARNE,0.95,CHF,0.00,CHF
17-07-2017,17-07-2017,SP£ATA RATY - ODSETKI,26.06,CHF,0.00,CHF
17-07-2017,17-07-2017,SP£ATA RATY - KAPITA£,467.39,CHF,121470.53,CHF
15-07-2017,17-07-2017,OP£ACENIE SK£ADKI UBEZPIECZ.,26.35,PLN,0.00,PLN
15-07-2017,17-07-2017,OP£ACENIE SK£ADKI UBEZPIECZ.,94.18,PLN,0.00,PLN
16-08-2017,16-08-2017,SP£ATA RATY - ODSETKI,26.82,CHF,0.00,CHF
16-08-2017,16-08-2017,SP£ATA RATY - KAPITA£,466.63,CHF,121003.90,CHF
15-08-2017,16-08-2017,OP£ACENIE SK£ADKI UBEZPIECZ.,26.35,PLN,0.00,PLN
15-08-2017,16-08-2017,OP£ACENIE SK£ADKI UBEZPIECZ.,92.62,PLN,0.00,PLN
15-09-2017,15-09-2017,OP£ACENIE SK£ADKI UBEZPIECZ.,26.35,PLN,0.00,PLN
15-09-2017,15-09-2017,OP£ACENIE SK£ADKI UBEZPIECZ.,91.54,PLN,0.00,PLN
19-09-2017,19-09-2017,SP£ATA RATY - ODSETKI,26.72,CHF,0.00,CHF
19-09-2017,19-09-2017,SP£ATA RATY - KAPITA£,166.86,CHF,120837.04,CHF
19-09-2017,19-09-2017,SP£ATA RATY - ODSETKI KARNE,0.14,CHF,0.00,CHF
20-09-2017,20-09-2017,SP£ATA RATY - KAPITA£,299.87,CHF,120537.17,CHF
20-09-2017,20-09-2017,SP£ATA RATY - ODSETKI KARNE,0.02,CHF,0.00,CHF
16-10-2017,16-10-2017,SP£ATA RATY - ODSETKI,25.76,CHF,0.00,CHF
16-10-2017,16-10-2017,SP£ATA RATY - KAPITA£,467.69,CHF,120069.48,CHF
15-10-2017,16-10-2017,OP£ACENIE SK£ADKI UBEZPIECZ.,26.35,PLN,0.00,PLN
15-10-2017,16-10-2017,OP£ACENIE SK£ADKI UBEZPIECZ.,90.28,PLN,0.00,PLN
15-11-2017,15-11-2017,SP£ATA RATY - ODSETKI,26.51,CHF,0.00,CHF
15-11-2017,15-11-2017,SP£ATA RATY - KAPITA£,466.94,CHF,119602.54,CHF
15-11-2017,15-11-2017,OP£ACENIE SK£ADKI UBEZPIECZ.,26.35,PLN,0.00,PLN
15-11-2017,15-11-2017,OP£ACENIE SK£ADKI UBEZPIECZ.,88.83,PLN,0.00,PLN
27-11-2017,27-11-2017,MODYFIKACJA ZABEZPIECZENIA,0.00,CHF,0.00,CHF
15-12-2017,15-12-2017,SP£ATA RATY - ODSETKI,0.24,CHF,0.00,CHF
15-12-2017,15-12-2017,OP£ACENIE SK£ADKI UBEZPIECZ.,26.35,PLN,0.00,PLN
15-12-2017,15-12-2017,OP£ACENIE SK£ADKI UBEZPIECZ.,88.04,PLN,0.00,PLN
18-12-2017,18-12-2017,MODYFIKACJA ZABEZPIECZENIA,0.00,CHF,0.00,CHF
18-12-2017,18-12-2017,SP£ATA RATY - ODSETKI,25.32,CHF,0.00,CHF
18-12-2017,18-12-2017,SP£ATA RATY - KAPITA£,467.89,CHF,119134.65,CHF
15-01-2018,15-01-2018,OP£ACENIE SK£ADKI UBEZPIECZ.,26.35,PLN,0.00,PLN
15-01-2018,15-01-2018,OP£ACENIE SK£ADKI UBEZPIECZ.,85.43,PLN,0.00,PLN
22-01-2018,22-01-2018,SP£ATA RATY - ODSETKI,26.31,CHF,0.00,CHF
22-01-2018,22-01-2018,SP£ATA RATY - KAPITA£,467.14,CHF,118667.51,CHF
22-01-2018,22-01-2018,SP£ATA RATY - ODSETKI KARNE,0.25,CHF,0.00,CHF
15-02-2018,15-02-2018,SP£ATA RATY - ODSETKI,26.20,CHF,0.00,CHF
15-02-2018,15-02-2018,SP£ATA RATY - KAPITA£,467.25,CHF,118200.26,CHF
15-02-2018,15-02-2018,OP£ACENIE SK£ADKI UBEZPIECZ.,26.35,PLN,0.00,PLN
15-02-2018,15-02-2018,OP£ACENIE SK£ADKI UBEZPIECZ.,86.59,PLN,0.00,PLN
15-03-2018,15-03-2018,SP£ATA RATY - ODSETKI,23.58,CHF,0.00,CHF
15-03-2018,15-03-2018,SP£ATA RATY - KAPITA£,5.91,CHF,118194.35,CHF
15-03-2018,15-03-2018,OP£ACENIE SK£ADKI UBEZPIECZ.,26.35,PLN,0.00,PLN
15-03-2018,15-03-2018,OP£ACENIE SK£ADKI UBEZPIECZ.,86.27,PLN,0.00,PLN
16-03-2018,16-03-2018,SP£ATA RATY - KAPITA£,463.96,CHF,117730.39,CHF
16-04-2018,16-04-2018,SP£ATA RATY - ODSETKI,26.00,CHF,0.00,CHF
16-04-2018,16-04-2018,SP£ATA RATY - KAPITA£,467.45,CHF,117262.94,CHF
15-04-2018,16-04-2018,OP£ACENIE SK£ADKI UBEZPIECZ.,26.35,PLN,0.00,PLN
15-04-2018,16-04-2018,OP£ACENIE SK£ADKI UBEZPIECZ.,83.85,PLN,0.00,PLN
15-05-2018,15-05-2018,SP£ATA RATY - ODSETKI,9.71,CHF,0.00,CHF
15-05-2018,15-05-2018,OP£ACENIE SK£ADKI UBEZPIECZ.,26.35,PLN,0.00,PLN
15-05-2018,15-05-2018,OP£ACENIE SK£ADKI UBEZPIECZ.,85.25,PLN,0.00,PLN
16-05-2018,16-05-2018,SP£ATA RATY - ODSETKI,15.35,CHF,0.00,CHF
16-05-2018,16-05-2018,SP£ATA RATY - KAPITA£,30.87,CHF,117232.07,CHF
24-05-2018,24-05-2018,SP£ATA RATY - KAPITA£,264.43,CHF,116967.64,CHF
24-05-2018,24-05-2018,SP£ATA RATY - ODSETKI KARNE,0.26,CHF,0.00,CHF
25-05-2018,25-05-2018,SP£ATA RATY - KAPITA£,58.12,CHF,116909.52,CHF
25-05-2018,25-05-2018,SP£ATA RATY - ODSETKI KARNE,0.01,CHF,0.00,CHF
28-05-2018,28-05-2018,SP£ATA RATY - KAPITA£,114.97,CHF,116794.55,CHF
28-05-2018,28-05-2018,SP£ATA RATY - ODSETKI KARNE,0.03,CHF,0.00,CHF
15-06-2018,15-06-2018,INDEKSACJA SUMY UBEZPIECZENIA,0.00,,0.00,
15-06-2018,15-06-2018,SP£ATA RATY - ODSETKI,25.79,CHF,0.00,CHF
15-06-2018,15-06-2018,SP£ATA RATY - KAPITA£,135.28,CHF,116659.27,CHF
15-06-2018,15-06-2018,OP£ACENIE SK£ADKI UBEZPIECZ.,26.35,PLN,0.00,PLN
15-06-2018,15-06-2018,OP£ACENIE SK£ADKI UBEZPIECZ.,87.99,PLN,0.00,PLN
22-06-2018,22-06-2018,SP£ATA RATY - KAPITA£,331.20,CHF,116328.07,CHF
22-06-2018,22-06-2018,SP£ATA RATY - ODSETKI KARNE,0.18,CHF,0.00,CHF
25-06-2018,25-06-2018,SP£ATA RATY - KAPITA£,1.18,CHF,116326.89,CHF
15-07-2018,16-07-2018,OP£ACENIE SK£ADKI UBEZPIECZ.,26.35,PLN,0.00,PLN
15-07-2018,16-07-2018,OP£ACENIE SK£ADKI UBEZPIECZ.,86.93,PLN,0.00,PLN
25-07-2018,25-07-2018,SP£ATA RATY - ODSETKI,24.86,CHF,0.00,CHF
25-07-2018,25-07-2018,SP£ATA RATY - KAPITA£,267.45,CHF,116059.44,CHF
25-07-2018,25-07-2018,SP£ATA RATY - ODSETKI KARNE,0.35,CHF,0.00,CHF
26-07-2018,26-07-2018,SP£ATA RATY - KAPITA£,166.18,CHF,115893.26,CHF
26-07-2018,26-07-2018,SP£ATA RATY - ODSETKI KARNE,0.02,CHF,0.00,CHF
30-07-2018,30-07-2018,SP£ATA RATY - KAPITA£,34.96,CHF,115858.30,CHF
30-07-2018,30-07-2018,SP£ATA RATY - ODSETKI KARNE,0.01,CHF,0.00,CHF
16-08-2018,16-08-2018,SP£ATA RATY - ODSETKI,25.58,CHF,0.00,CHF
16-08-2018,16-08-2018,SP£ATA RATY - KAPITA£,61.96,CHF,115796.34,CHF
15-08-2018,16-08-2018,OP£ACENIE SK£ADKI UBEZPIECZ.,26.35,PLN,0.00,PLN
15-08-2018,16-08-2018,OP£ACENIE SK£ADKI UBEZPIECZ.,89.59,PLN,0.00,PLN
23-08-2018,23-08-2018,SP£ATA RATY - KAPITA£,230.03,CHF,115566.31,CHF
23-08-2018,23-08-2018,SP£ATA RATY - ODSETKI KARNE,0.21,CHF,0.00,CHF
24-08-2018,24-08-2018,SP£ATA RATY - KAPITA£,57.44,CHF,115508.87,CHF
24-08-2018,24-08-2018,SP£ATA RATY - ODSETKI KARNE,0.01,CHF,0.00,CHF
10-09-2018,10-09-2018,SP£ATA RATY - KAPITA£,118.44,CHF,115390.43,CHF
10-09-2018,10-09-2018,SP£ATA RATY - ODSETKI KARNE,0.15,CHF,0.00,CHF
17-09-2018,17-09-2018,SP£ATA RATY - ODSETKI,13.51,CHF,0.00,CHF
15-09-2018,17-09-2018,OP£ACENIE SK£ADKI UBEZPIECZ.,26.35,PLN,0.00,PLN
15-09-2018,17-09-2018,OP£ACENIE SK£ADKI UBEZPIECZ.,89.57,PLN,0.00,PLN
25-09-2018,25-09-2018,SP£ATA RATY - ODSETKI,11.97,CHF,0.00,CHF
25-09-2018,25-09-2018,SP£ATA RATY - KAPITA£,217.70,CHF,115172.73,CHF
25-09-2018,25-09-2018,SP£ATA RATY - ODSETKI KARNE,0.28,CHF,0.00,CHF
26-09-2018,26-09-2018,SP£ATA RATY - KAPITA£,83.17,CHF,115089.56,CHF
26-09-2018,26-09-2018,SP£ATA RATY - ODSETKI KARNE,0.02,CHF,0.00,CHF
11-10-2018,11-10-2018,SP£ATA RATY - KAPITA£,167.10,CHF,114922.46,CHF
11-10-2018,11-10-2018,SP£ATA RATY - ODSETKI KARNE,0.19,CHF,0.00,CHF
15-10-2018,15-10-2018,SP£ATA RATY - ODSETKI,15.52,CHF,0.00,CHF
15-10-2018,15-10-2018,OP£ACENIE SK£ADKI UBEZPIECZ.,26.35,PLN,0.00,PLN
15-10-2018,15-10-2018,OP£ACENIE SK£ADKI UBEZPIECZ.,87.54,PLN,0.00,PLN
26-10-2018,26-10-2018,SP£ATA RATY - ODSETKI,9.04,CHF,0.00,CHF
26-10-2018,26-10-2018,SP£ATA RATY - KAPITA£,23.82,CHF,114898.64,CHF
26-10-2018,26-10-2018,SP£ATA RATY - ODSETKI KARNE,0.39,CHF,0.00,CHF
29-10-2018,29-10-2018,SP£ATA RATY - KAPITA£,261.35,CHF,114637.29,CHF
29-10-2018,29-10-2018,SP£ATA RATY - ODSETKI KARNE,0.10,CHF,0.00,CHF
09-11-2018,09-11-2018,SP£ATA RATY - KAPITA£,183.72,CHF,114453.57,CHF
09-11-2018,09-11-2018,SP£ATA RATY - ODSETKI KARNE,0.15,CHF,0.00,CHF
15-11-2018,15-11-2018,SP£ATA RATY - ODSETKI,23.94,CHF,0.00,CHF
15-11-2018,15-11-2018,OP£ACENIE SK£ADKI UBEZPIECZ.,26.35,PLN,0.00,PLN
15-11-2018,15-11-2018,OP£ACENIE SK£ADKI UBEZPIECZ.,87.52,PLN,0.00,PLN
26-11-2018,26-11-2018,SP£ATA RATY - ODSETKI,1.33,CHF,0.00,CHF
26-11-2018,26-11-2018,SP£ATA RATY - KAPITA£,468.18,CHF,113985.39,CHF
26-11-2018,26-11-2018,SP£ATA RATY - ODSETKI KARNE,0.39,CHF,0.00,CHF
17-12-2018,17-12-2018,SP£ATA RATY - ODSETKI,2.33,CHF,0.00,CHF
15-12-2018,17-12-2018,OP£ACENIE SK£ADKI UBEZPIECZ.,26.35,PLN,0.00,PLN
15-12-2018,17-12-2018,OP£ACENIE SK£ADKI UBEZPIECZ.,87.99,PLN,0.00,PLN
18-12-2018,18-12-2018,SP£ATA RATY - ODSETKI,22.03,CHF,0.00,CHF
18-12-2018,18-12-2018,SP£ATA RATY - KAPITA£,207.29,CHF,113778.10,CHF
24-12-2018,24-12-2018,SP£ATA RATY - KAPITA£,261.80,CHF,113516.30,CHF
24-12-2018,24-12-2018,SP£ATA RATY - ODSETKI KARNE,0.12,CHF,0.00,CHF
15-01-2019,15-01-2019,SP£ATA RATY - ODSETKI,4.86,CHF,0.00,CHF
15-01-2019,15-01-2019,OP£ACENIE SK£ADKI UBEZPIECZ.,26.35,PLN,0.00,PLN
15-01-2019,15-01-2019,OP£ACENIE SK£ADKI UBEZPIECZ.,87.80,PLN,0.00,PLN
25-01-2019,25-01-2019,SP£ATA RATY - ODSETKI,20.21,CHF,0.00,CHF
25-01-2019,25-01-2019,SP£ATA RATY - KAPITA£,207.43,CHF,113308.87,CHF
25-01-2019,25-01-2019,SP£ATA RATY - ODSETKI KARNE,0.35,CHF,0.00,CHF
29-01-2019,29-01-2019,SP£ATA RATY - KAPITA£,260.95,CHF,113047.92,CHF
29-01-2019,29-01-2019,SP£ATA RATY - ODSETKI KARNE,0.08,CHF,0.00,CHF
15-02-2019,15-02-2019,SP£ATA RATY - ODSETKI,0.59,CHF,0.00,CHF
15-02-2019,15-02-2019,OP£ACENIE SK£ADKI UBEZPIECZ.,26.35,PLN,0.00,PLN
15-02-2019,15-02-2019,OP£ACENIE SK£ADKI UBEZPIECZ.,87.55,PLN,0.00,PLN
26-02-2019,26-02-2019,SP£ATA RATY - ODSETKI,24.37,CHF,0.00,CHF
26-02-2019,26-02-2019,SP£ATA RATY - KAPITA£,202.25,CHF,112845.67,CHF
26-02-2019,26-02-2019,SP£ATA RATY - ODSETKI KARNE,0.39,CHF,0.00,CHF
11-03-2019,11-03-2019,SP£ATA RATY - KAPITA£,266.24,CHF,112579.43,CHF
11-03-2019,11-03-2019,SP£ATA RATY - ODSETKI KARNE,0.26,CHF,0.00,CHF
15-03-2019,15-03-2019,SP£ATA RATY - ODSETKI,2.30,CHF,0.00,CHF
15-03-2019,15-03-2019,OP£ACENIE SK£ADKI UBEZPIECZ.,26.35,PLN,0.00,PLN
15-03-2019,15-03-2019,OP£ACENIE SK£ADKI UBEZPIECZ.,86.68,PLN,0.00,PLN
22-03-2019,22-03-2019,SP£ATA RATY - ODSETKI,20.15,CHF,0.00,CHF
22-03-2019,22-03-2019,SP£ATA RATY - KAPITA£,209.94,CHF,112369.49,CHF
22-03-2019,22-03-2019,SP£ATA RATY - ODSETKI KARNE,0.25,CHF,0.00,CHF
25-03-2019,25-03-2019,SP£ATA RATY - KAPITA£,261.06,CHF,112108.43,CHF
25-03-2019,25-03-2019,SP£ATA RATY - ODSETKI KARNE,0.06,CHF,0.00,CHF
15-04-2019,15-04-2019,SP£ATA RATY - ODSETKI,24.76,CHF,0.00,CHF
15-04-2019,15-04-2019,SP£ATA RATY - KAPITA£,468.69,CHF,111639.74,CHF
15-04-2019,15-04-2019,OP£ACENIE SK£ADKI UBEZPIECZ.,26.35,PLN,0.00,PLN
15-04-2019,15-04-2019,OP£ACENIE SK£ADKI UBEZPIECZ.,85.99,PLN,0.00,PLN
15-05-2019,15-05-2019,SP£ATA RATY - ODSETKI,23.86,CHF,0.00,CHF
15-05-2019,15-05-2019,SP£ATA RATY - KAPITA£,469.59,CHF,111170.15,CHF
15-05-2019,15-05-2019,OP£ACENIE SK£ADKI UBEZPIECZ.,26.35,PLN,0.00,PLN
15-05-2019,15-05-2019,OP£ACENIE SK£ADKI UBEZPIECZ.,86.34,PLN,0.00,PLN
15-06-2019,17-06-2019,INDEKSACJA SUMY UBEZPIECZENIA,0.00,,0.00,
17-06-2019,17-06-2019,SP£ATA RATY - ODSETKI,24.55,CHF,0.00,CHF
17-06-2019,17-06-2019,SP£ATA RATY - KAPITA£,468.90,CHF,110701.25,CHF
15-06-2019,17-06-2019,OP£ACENIE SK£ADKI UBEZPIECZ.,26.35,PLN,0.00,PLN
15-06-2019,17-06-2019,OP£ACENIE SK£ADKI UBEZPIECZ.,85.72,PLN,0.00,PLN
18-06-2019,18-06-2019,MODYFIKACJA ZABEZPIECZENIA,0.00,CHF,0.00,CHF
15-07-2019,15-07-2019,SP£ATA RATY - ODSETKI,23.66,CHF,0.00,CHF
15-07-2019,15-07-2019,SP£ATA RATY - KAPITA£,17.22,CHF,110684.03,CHF
15-07-2019,15-07-2019,OP£ACENIE SK£ADKI UBEZPIECZ.,26.35,PLN,0.00,PLN
15-07-2019,15-07-2019,OP£ACENIE SK£ADKI UBEZPIECZ.,86.42,PLN,0.00,PLN
24-07-2019,24-07-2019,SP£ATA RATY - KAPITA£,225.57,CHF,110458.46,CHF
24-07-2019,24-07-2019,SP£ATA RATY - ODSETKI KARNE,0.31,CHF,0.00,CHF
25-07-2019,25-07-2019,SP£ATA RATY - KAPITA£,63.00,CHF,110395.46,CHF
25-07-2019,25-07-2019,SP£ATA RATY - ODSETKI KARNE,0.02,CHF,0.00,CHF
05-08-2019,05-08-2019,SP£ATA RATY - KAPITA£,164.00,CHF,110231.46,CHF
05-08-2019,05-08-2019,SP£ATA RATY - ODSETKI KARNE,0.14,CHF,0.00,CHF
16-08-2019,16-08-2019,SP£ATA RATY - ODSETKI,9.34,CHF,0.00,CHF
15-08-2019,16-08-2019,OP£ACENIE SK£ADKI UBEZPIECZ.,26.35,PLN,0.00,PLN
15-08-2019,16-08-2019,OP£ACENIE SK£ADKI UBEZPIECZ.,90.06,PLN,0.00,PLN
21-08-2019,21-08-2019,SP£ATA RATY - ODSETKI,15.00,CHF,0.00,CHF
21-08-2019,21-08-2019,SP£ATA RATY - KAPITA£,17.13,CHF,110214.33,CHF
21-08-2019,21-08-2019,SP£ATA RATY - ODSETKI KARNE,0.18,CHF,0.00,CHF
22-08-2019,22-08-2019,SP£ATA RATY - KAPITA£,246.56,CHF,109967.77,CHF
22-08-2019,22-08-2019,SP£ATA RATY - ODSETKI KARNE,0.03,CHF,0.00,CHF
26-08-2019,26-08-2019,SP£ATA RATY - KAPITA£,205.42,CHF,109762.35,CHF
26-08-2019,26-08-2019,SP£ATA RATY - ODSETKI KARNE,0.06,CHF,0.00,CHF
06-09-2019,06-09-2019,MODYFIKACJA ZABEZPIECZENIA,0.00,CHF,0.00,CHF
15-09-2019,16-09-2019,ZMIANA WYSOKOŒCI ODSETEK,0.00,,0.00,
16-09-2019,16-09-2019,SP£ATA RATY - ODSETKI,1.83,CHF,0.00,CHF
15-09-2019,16-09-2019,OP£ACENIE SK£ADKI UBEZPIECZ.,26.35,PLN,0.00,PLN
15-09-2019,16-09-2019,OP£ACENIE SK£ADKI UBEZPIECZ.,88.13,PLN,0.00,PLN
19-09-2019,19-09-2019,SP£ATA RATY - ODSETKI,22.41,CHF,0.00,CHF
19-09-2019,19-09-2019,SP£ATA RATY - KAPITA£,198.58,CHF,109563.77,CHF
19-09-2019,19-09-2019,SP£ATA RATY - ODSETKI KARNE,0.11,CHF,0.00,CHF
24-09-2019,24-09-2019,SP£ATA RATY - KAPITA£,109.42,CHF,109454.35,CHF
24-09-2019,24-09-2019,SP£ATA RATY - ODSETKI KARNE,0.10,CHF,0.00,CHF
08-10-2019,08-10-2019,SP£ATA RATY - KAPITA£,161.21,CHF,109293.14,CHF
08-10-2019,08-10-2019,SP£ATA RATY - ODSETKI KARNE,0.17,CHF,0.00,CHF
15-10-2019,15-10-2019,SP£ATA RATY - ODSETKI,2.71,CHF,0.00,CHF
15-10-2019,15-10-2019,OP£ACENIE SK£ADKI UBEZPIECZ.,26.35,PLN,0.00,PLN
15-10-2019,15-10-2019,OP£ACENIE SK£ADKI UBEZPIECZ.,86.68,PLN,0.00,PLN
22-10-2019,22-10-2019,SP£ATA RATY - ODSETKI,9.87,CHF,0.00,CHF
22-10-2019,22-10-2019,SP£ATA RATY - KAPITA£,214.60,CHF,109078.54,CHF
22-10-2019,22-10-2019,SP£ATA RATY - ODSETKI KARNE,0.24,CHF,0.00,CHF
25-10-2019,25-10-2019,SP£ATA RATY - KAPITA£,139.07,CHF,108939.47,CHF
25-10-2019,25-10-2019,SP£ATA RATY - ODSETKI KARNE,0.06,CHF,0.00,CHF
07-11-2019,07-11-2019,SP£ATA RATY - KAPITA£,121.65,CHF,108817.82,CHF
07-11-2019,07-11-2019,SP£ATA RATY - ODSETKI KARNE,0.11,CHF,0.00,CHF
15-11-2019,15-11-2019,SP£ATA RATY - ODSETKI,5.66,CHF,0.00,CHF
15-11-2019,17-11-2019,ZMIANA WYSOKOŒCI ODSETEK,0.00,,0.00,
15-11-2019,15-11-2019,OP£ACENIE SK£ADKI UBEZPIECZ.,26.35,PLN,0.00,PLN
15-11-2019,15-11-2019,OP£ACENIE SK£ADKI UBEZPIECZ.,86.76,PLN,0.00,PLN
25-11-2019,25-11-2019,SP£ATA RATY - ODSETKI,7.28,CHF,0.00,CHF
25-11-2019,25-11-2019,SP£ATA RATY - KAPITA£,215.98,CHF,108601.84,CHF
25-11-2019,25-11-2019,SP£ATA RATY - ODSETKI KARNE,0.34,CHF,0.00,CHF
03-12-2019,03-12-2019,SP£ATA RATY - KAPITA£,258.98,CHF,108342.86,CHF
03-12-2019,03-12-2019,SP£ATA RATY - ODSETKI KARNE,0.15,CHF,0.00,CHF
16-12-2019,16-12-2019,SP£ATA RATY - ODSETKI,21.37,CHF,0.00,CHF
16-12-2019,16-12-2019,SP£ATA RATY - KAPITA£,311.96,CHF,108030.90,CHF
15-12-2019,16-12-2019,OP£ACENIE SK£ADKI UBEZPIECZ.,26.35,PLN,0.00,PLN
15-12-2019,16-12-2019,OP£ACENIE SK£ADKI UBEZPIECZ.,85.82,PLN,0.00,PLN
18-12-2019,18-12-2019,SP£ATA RATY - KAPITA£,159.16,CHF,107871.74,CHF
15-01-2020,15-01-2020,SP£ATA RATY - ODSETKI,21.99,CHF,0.00,CHF
15-01-2020,15-01-2020,SP£ATA RATY - KAPITA£,42.84,CHF,107828.90,CHF
15-01-2020,15-01-2020,OP£ACENIE SK£ADKI UBEZPIECZ.,26.35,PLN,0.00,PLN
15-01-2020,15-01-2020,OP£ACENIE SK£ADKI UBEZPIECZ.,85.84,PLN,0.00,PLN
21-01-2020,21-01-2020,SP£ATA RATY - KAPITA£,221.05,CHF,107607.85,CHF
21-01-2020,21-01-2020,SP£ATA RATY - ODSETKI KARNE,0.19,CHF,0.00,CHF
06-02-2020,06-02-2020,SP£ATA RATY - KAPITA£,206.61,CHF,107401.24,CHF
06-02-2020,06-02-2020,SP£ATA RATY - ODSETKI KARNE,0.25,CHF,0.00,CHF
17-02-2020,17-02-2020,SP£ATA RATY - ODSETKI,16.69,CHF,0.00,CHF
15-02-2020,17-02-2020,OP£ACENIE SK£ADKI UBEZPIECZ.,26.35,PLN,0.00,PLN
15-02-2020,17-02-2020,OP£ACENIE SK£ADKI UBEZPIECZ.,87.04,PLN,0.00,PLN
21-02-2020,21-02-2020,SP£ATA RATY - ODSETKI,5.20,CHF,0.00,CHF
21-02-2020,21-02-2020,SP£ATA RATY - KAPITA£,211.30,CHF,107189.94,CHF
21-02-2020,21-02-2020,SP£ATA RATY - ODSETKI KARNE,0.14,CHF,0.00,CHF
02-03-2020,02-03-2020,SP£ATA RATY - KAPITA£,259.30,CHF,106930.64,CHF
02-03-2020,02-03-2020,SP£ATA RATY - ODSETKI KARNE,0.19,CHF,0.00,CHF
16-03-2020,16-03-2020,SP£ATA RATY - ODSETKI,7.40,CHF,0.00,CHF
15-03-2020,16-03-2020,OP£ACENIE SK£ADKI UBEZPIECZ.,26.35,PLN,0.00,PLN
15-03-2020,16-03-2020,OP£ACENIE SK£ADKI UBEZPIECZ.,90.26,PLN,0.00,PLN
18-03-2020,18-03-2020,SP£ATA RATY - ODSETKI,12.99,CHF,0.00,CHF
18-03-2020,18-03-2020,SP£ATA RATY - KAPITA£,190.75,CHF,106739.89,CHF
30-03-2020,30-03-2020,SP£ATA RATY - KAPITA£,281.35,CHF,106458.54,CHF
30-03-2020,30-03-2020,SP£ATA RATY - ODSETKI KARNE,0.25,CHF,0.00,CHF
31-03-2020,31-03-2020,ZMIANA OKRESU KARENCJI KAPIT.,0.00,,0.00,
31-03-2020,31-03-2020,ZMIANA OKRESU KARENCJI KAPIT.,0.00,,106458.54,
31-03-2020,31-03-2020,ZMIANA OKRESU KARENCJI KAPIT.,0.00,,0.00,
31-03-2020,31-03-2020,ZMIANA OKRESU KARENCJI KAPIT.,0.00,,0.00,
31-03-2020,31-03-2020,ZMIANA OKRESU KARENCJI KAPIT.,0.00,,0.00,
31-03-2020,31-03-2020,ZMIANA OKRESU KARENCJI KAPIT.,0.00,,0.00,
15-04-2020,15-04-2020,ZMIANA WYSOKOŒCI ODSETEK,0.00,,0.00,
15-04-2020,15-04-2020,SP£ATA RATY - ODSETKI,21.70,CHF,0.00,CHF
15-04-2020,15-04-2020,OP£ACENIE SK£ADKI UBEZPIECZ.,26.35,PLN,0.00,PLN
15-04-2020,15-04-2020,OP£ACENIE SK£ADKI UBEZPIECZ.,92.72,PLN,0.00,PLN
15-05-2020,15-05-2020,SP£ATA RATY - ODSETKI,29.75,CHF,0.00,CHF
15-05-2020,15-05-2020,OP£ACENIE SK£ADKI UBEZPIECZ.,26.35,PLN,0.00,PLN
15-05-2020,15-05-2020,OP£ACENIE SK£ADKI UBEZPIECZ.,93.68,PLN,0.00,PLN
22-05-2020,22-05-2020,MODYFIKACJA ZABEZPIECZENIA,0.00,CHF,0.00,CHF
15-06-2020,15-06-2020,INDEKSACJA SUMY UBEZPIECZENIA,0.00,,0.00,
15-06-2020,15-06-2020,SP£ATA RATY - ODSETKI,30.74,CHF,0.00,CHF
15-06-2020,15-06-2020,OP£ACENIE SK£ADKI UBEZPIECZ.,26.35,PLN,0.00,PLN
15-06-2020,15-06-2020,OP£ACENIE SK£ADKI UBEZPIECZ.,89.96,PLN,0.00,PLN
15-07-2020,15-07-2020,SP£ATA RATY - ODSETKI,29.75,CHF,0.00,CHF
15-07-2020,15-07-2020,OP£ACENIE SK£ADKI UBEZPIECZ.,26.35,PLN,0.00,PLN
15-07-2020,15-07-2020,OP£ACENIE SK£ADKI UBEZPIECZ.,90.14,PLN,0.00,PLN
17-08-2020,17-08-2020,SP£ATA RATY - ODSETKI,30.74,CHF,0.00,CHF
15-08-2020,17-08-2020,OP£ACENIE SK£ADKI UBEZPIECZ.,26.35,PLN,0.00,PLN
15-08-2020,17-08-2020,OP£ACENIE SK£ADKI UBEZPIECZ.,88.21,PLN,0.00,PLN
15-09-2020,15-09-2020,SP£ATA RATY - ODSETKI,30.74,CHF,0.00,CHF
15-09-2020,15-09-2020,OP£ACENIE SK£ADKI UBEZPIECZ.,26.35,PLN,0.00,PLN
15-09-2020,15-09-2020,OP£ACENIE SK£ADKI UBEZPIECZ.,89.03,PLN,0.00,PLN
15-10-2020,15-10-2020,ZMIANA WYSOKOŒCI ODSETEK,0.00,,0.00,
15-10-2020,15-10-2020,SP£ATA RATY - ODSETKI,29.75,CHF,0.00,CHF
15-10-2020,15-10-2020,SP£ATA RATY - KAPITA£,480.71,CHF,105977.83,CHF
15-10-2020,15-10-2020,OP£ACENIE SK£ADKI UBEZPIECZ.,26.35,PLN,0.00,PLN
15-10-2020,15-10-2020,OP£ACENIE SK£ADKI UBEZPIECZ.,91.11,PLN,0.00,PLN
16-11-2020,16-11-2020,SP£ATA RATY - ODSETKI,20.70,CHF,0.00,CHF
16-11-2020,16-11-2020,SP£ATA RATY - KAPITA£,342.81,CHF,105635.02,CHF
15-11-2020,16-11-2020,OP£ACENIE SK£ADKI UBEZPIECZ.,26.35,PLN,0.00,PLN
15-11-2020,16-11-2020,OP£ACENIE SK£ADKI UBEZPIECZ.,89.20,PLN,0.00,PLN
25-11-2020,25-11-2020,SP£ATA RATY - KAPITA£,141.99,CHF,105493.03,CHF
25-11-2020,25-11-2020,SP£ATA RATY - ODSETKI KARNE,0.08,CHF,0.00,CHF
15-12-2020,15-12-2020,SP£ATA RATY - ODSETKI,19.94,CHF,0.00,CHF
15-12-2020,15-12-2020,SP£ATA RATY - KAPITA£,485.56,CHF,105007.47,CHF
15-12-2020,15-12-2020,OP£ACENIE SK£ADKI UBEZPIECZ.,26.35,PLN,0.00,PLN
15-12-2020,15-12-2020,OP£ACENIE SK£ADKI UBEZPIECZ.,88.05,PLN,0.00,PLN
15-01-2021,15-01-2021,MODYFIKACJA DANYCH OTWARCIA,0.00,,0.00,
15-01-2021,15-01-2021,SP£ATA RATY - ODSETKI,20.51,CHF,0.00,CHF
15-01-2021,15-01-2021,SP£ATA RATY - KAPITA£,28.36,CHF,104979.11,CHF
15-01-2021,15-01-2021,OP£ACENIE SK£ADKI UBEZPIECZ.,26.35,PLN,0.00,PLN
15-01-2021,15-01-2021,OP£ACENIE SK£ADKI UBEZPIECZ.,89.83,PLN,0.00,PLN
18-01-2021,18-01-2021,MODYFIKACJA ZABEZPIECZENIA,0.00,CHF,0.00,CHF
18-01-2021,18-01-2021,MODYFIKACJA ZABEZPIECZENIA,0.00,CHF,0.00,CHF
18-01-2021,18-01-2021,MODYFIKACJA ZABEZPIECZENIA,0.00,CHF,0.00,CHF
18-01-2021,18-01-2021,SP£ATA RATY - KAPITA£,456.63,CHF,104522.48,CHF
19-01-2021,19-01-2021,MODYFIKACJA ZABEZPIECZENIA,0.00,CHF,0.00,CHF
19-01-2021,19-01-2021,MODYFIKACJA ZABEZPIECZENIA,0.00,CHF,0.00,CHF
15-02-2021,15-02-2021,SP£ATA RATY - ODSETKI,20.42,CHF,0.00,CHF
15-02-2021,15-02-2021,SP£ATA RATY - KAPITA£,156.58,CHF,104365.90,CHF
15-02-2021,15-02-2021,OP£ACENIE SK£ADKI UBEZPIECZ.,26.35,PLN,0.00,PLN
15-02-2021,15-02-2021,OP£ACENIE SK£ADKI UBEZPIECZ.,88.14,PLN,0.00,PLN
04-03-2021,04-03-2021,SP£ATA RATY - KAPITA£,328.50,CHF,104037.40,CHF
04-03-2021,04-03-2021,SP£ATA RATY - ODSETKI KARNE,0.34,CHF,0.00,CHF
15-03-2021,15-03-2021,SP£ATA RATY - ODSETKI,18.36,CHF,0.00,CHF
15-03-2021,15-03-2021,SP£ATA RATY - KAPITA£,131.39,CHF,103906.01,CHF
15-03-2021,15-03-2021,OP£ACENIE SK£ADKI UBEZPIECZ.,26.35,PLN,0.00,PLN
15-03-2021,15-03-2021,OP£ACENIE SK£ADKI UBEZPIECZ.,87.32,PLN,0.00,PLN
02-04-2021,02-04-2021,SP£ATA RATY - KAPITA£,210.54,CHF,103695.47,CHF
02-04-2021,02-04-2021,SP£ATA RATY - ODSETKI KARNE,0.39,CHF,0.00,CHF
06-04-2021,06-04-2021,SP£ATA RATY - KAPITA£,145.21,CHF,103550.26,CHF
06-04-2021,06-04-2021,SP£ATA RATY - ODSETKI KARNE,0.04,CHF,0.00,CHF
15-04-2021,15-04-2021,SP£ATA RATY - ODSETKI,20.23,CHF,0.00,CHF
15-04-2021,15-04-2021,SP£ATA RATY - KAPITA£,0.93,CHF,103549.33,CHF
15-04-2021,15-04-2021,OP£ACENIE SK£ADKI UBEZPIECZ.,26.35,PLN,0.00,PLN
15-04-2021,15-04-2021,OP£ACENIE SK£ADKI UBEZPIECZ.,86.57,PLN,0.00,PLN
26-04-2021,26-04-2021,SP£ATA RATY - KAPITA£,484.34,CHF,103064.99,CHF
26-04-2021,26-04-2021,SP£ATA RATY - ODSETKI KARNE,0.33,CHF,0.00,CHF
17-05-2021,17-05-2021,SP£ATA RATY - ODSETKI,19.48,CHF,0.00,CHF
17-05-2021,17-05-2021,SP£ATA RATY - KAPITA£,70.06,CHF,102994.93,CHF
15-05-2021,17-05-2021,OP£ACENIE SK£ADKI UBEZPIECZ.,26.35,PLN,0.00,PLN
15-05-2021,17-05-2021,OP£ACENIE SK£ADKI UBEZPIECZ.,86.56,PLN,0.00,PLN
18-05-2021,18-05-2021,SP£ATA RATY - KAPITA£,415.96,CHF,102578.97,CHF
15-06-2021,15-06-2021,MODYFIKACJA ZABEZPIECZENIA,0.00,CHF,0.00,CHF
15-06-2021,15-06-2021,MODYFIKACJA ZABEZPIECZENIA,0.00,CHF,0.00,CHF
15-06-2021,15-06-2021,INDEKSACJA SUMY UBEZPIECZENIA,0.00,,0.00,
15-06-2021,15-06-2021,SP£ATA RATY - ODSETKI,20.04,CHF,0.00,CHF
15-06-2021,15-06-2021,SP£ATA RATY - KAPITA£,14.05,CHF,102564.92,CHF
15-06-2021,15-06-2021,OP£ACENIE SK£ADKI UBEZPIECZ.,26.35,PLN,0.00,PLN
15-06-2021,15-06-2021,OP£ACENIE SK£ADKI UBEZPIECZ.,86.42,PLN,0.00,PLN
05-07-2021,05-07-2021,SP£ATA RATY - KAPITA£,471.41,CHF,102093.51,CHF
05-07-2021,05-07-2021,SP£ATA RATY - ODSETKI KARNE,0.58,CHF,0.00,CHF
15-07-2021,15-07-2021,SP£ATA RATY - ODSETKI,9.90,CHF,0.00,CHF
15-07-2021,15-07-2021,OP£ACENIE SK£ADKI UBEZPIECZ.,26.35,PLN,0.00,PLN
15-07-2021,15-07-2021,OP£ACENIE SK£ADKI UBEZPIECZ.,86.47,PLN,0.00,PLN
22-07-2021,22-07-2021,SP£ATA RATY - ODSETKI,9.40,CHF,0.00,CHF
22-07-2021,22-07-2021,SP£ATA RATY - KAPITA£,58.31,CHF,102035.20,CHF
22-07-2021,22-07-2021,SP£ATA RATY - ODSETKI KARNE,0.21,CHF,0.00,CHF
09-08-2021,09-08-2021,SP£ATA RATY - KAPITA£,427.89,CHF,101607.31,CHF
09-08-2021,09-08-2021,SP£ATA RATY - ODSETKI KARNE,0.47,CHF,0.00,CHF
16-08-2021,16-08-2021,SP£ATA RATY - ODSETKI,12.40,CHF,0.00,CHF
15-08-2021,16-08-2021,OP£ACENIE SK£ADKI UBEZPIECZ.,26.35,PLN,0.00,PLN
15-08-2021,16-08-2021,OP£ACENIE SK£ADKI UBEZPIECZ.,86.21,PLN,0.00,PLN
06-09-2021,06-09-2021,SP£ATA RATY - ODSETKI,7.45,CHF,0.00,CHF
06-09-2021,06-09-2021,SP£ATA RATY - KAPITA£,485.65,CHF,101121.66,CHF
06-09-2021,06-09-2021,SP£ATA RATY - ODSETKI KARNE,0.62,CHF,0.00,CHF
15-09-2021,15-09-2021,SP£ATA RATY - ODSETKI,19.75,CHF,0.00,CHF
15-09-2021,15-09-2021,SP£ATA RATY - KAPITA£,485.75,CHF,100635.91,CHF
15-09-2021,15-09-2021,OP£ACENIE SK£ADKI UBEZPIECZ.,26.35,PLN,0.00,PLN
15-09-2021,15-09-2021,OP£ACENIE SK£ADKI UBEZPIECZ.,84.78,PLN,0.00,PLN
15-10-2021,15-10-2021,SP£ATA RATY - ODSETKI,3.65,CHF,0.00,CHF
15-10-2021,15-10-2021,OP£ACENIE SK£ADKI UBEZPIECZ.,26.35,PLN,0.00,PLN
15-10-2021,15-10-2021,OP£ACENIE SK£ADKI UBEZPIECZ.,85.92,PLN,0.00,PLN
27-10-2021,27-10-2021,SP£ATA RATY - ODSETKI,15.37,CHF,0.00,CHF
27-10-2021,27-10-2021,SP£ATA RATY - KAPITA£,486.48,CHF,100149.43,CHF
27-10-2021,27-10-2021,SP£ATA RATY - ODSETKI KARNE,0.36,CHF,0.00,CHF
15-11-2021,15-11-2021,SP£ATA RATY - ODSETKI,2.22,CHF,0.00,CHF
15-11-2021,15-11-2021,OP£ACENIE SK£ADKI UBEZPIECZ.,26.35,PLN,0.00,PLN
15-11-2021,15-11-2021,OP£ACENIE SK£ADKI UBEZPIECZ.,88.15,PLN,0.00,PLN
13-12-2021,13-12-2021,SP£ATA RATY - ODSETKI,17.34,CHF,0.00,CHF
13-12-2021,13-12-2021,SP£ATA RATY - KAPITA£,485.94,CHF,99663.49,CHF
13-12-2021,13-12-2021,SP£ATA RATY - ODSETKI KARNE,0.83,CHF,0.00,CHF
15-12-2021,15-12-2021,SP£ATA RATY - ODSETKI,5.41,CHF,0.00,CHF
15-12-2021,15-12-2021,OP£ACENIE SK£ADKI UBEZPIECZ.,26.35,PLN,0.00,PLN
15-12-2021,15-12-2021,OP£ACENIE SK£ADKI UBEZPIECZ.,88.43,PLN,0.00,PLN
12-01-2022,12-01-2022,SP£ATA RATY - ODSETKI,13.43,CHF,0.00,CHF
12-01-2022,12-01-2022,SP£ATA RATY - KAPITA£,486.66,CHF,99176.83,CHF
12-01-2022,12-01-2022,SP£ATA RATY - ODSETKI KARNE,0.83,CHF,0.00,CHF
17-01-2022,17-01-2022,SP£ATA RATY - ODSETKI,11.72,CHF,0.00,CHF
15-01-2022,17-01-2022,OP£ACENIE SK£ADKI UBEZPIECZ.,26.35,PLN,0.00,PLN
15-01-2022,17-01-2022,OP£ACENIE SK£ADKI UBEZPIECZ.,85.91,PLN,0.00,PLN
11-02-2022,11-02-2022,SP£ATA RATY - ODSETKI,7.65,CHF,0.00,CHF
11-02-2022,11-02-2022,SP£ATA RATY - KAPITA£,486.13,CHF,98690.70,CHF
11-02-2022,11-02-2022,SP£ATA RATY - ODSETKI KARNE,0.74,CHF,0.00,CHF
15-02-2022,15-02-2022,SP£ATA RATY - ODSETKI,12.23,CHF,0.00,CHF
15-02-2022,15-02-2022,OP£ACENIE SK£ADKI UBEZPIECZ.,26.35,PLN,0.00,PLN
15-02-2022,15-02-2022,OP£ACENIE SK£ADKI UBEZPIECZ.,84.78,PLN,0.00,PLN
